clf_name,drive,f_beta_score,time
KerasAlgorithm,HGST HUS726040ALE610.csv,0.0030020040080160322,1.2740581035614014
