clf_name,drive,f_beta_score,time
KerasAlgorithm,ST32000542AS.csv,0.4998948917384906,1.2719330787658691
