clf_name,drive,f_beta_score,time
KerasAlgorithm,ST3160318AS.csv,0.49792278852973965,1.193044900894165
