clf_name,drive,f_beta_score,time
KerasAlgorithm,ST33000651AS.csv,0.0007178349187890893,1.5589854717254639
