clf_name,drive,f_beta_score,time
KerasAlgorithm,ST3000DM001.csv,0.0007803886516971185,7.876020193099976
