clf_name,drive,f_beta_score,time
KerasAlgorithm,ST8000NM0055.csv,0.49075577066328285,36.70142841339111
