clf_name,drive,f_beta_score,time
KerasAlgorithm,ST2000DL001.csv,0.006711409395973154,0.9309918880462646
