clf_name,drive,f_beta_score,time
KerasAlgorithm,ST8000DM002.csv,0.08508374829458852,43.538355112075806
