clf_name,drive,f_beta_score,time
KerasAlgorithm,ST3160316AS.csv,0.0004691654170713252,1.4559855461120605
