clf_name,drive,f_beta_score,time
KerasAlgorithm,ST31500541AS.csv,0.0007677694452424745,8.080322265625
