clf_name,drive,f_beta_score,time
KerasAlgorithm,ST10000NM0086.csv,2.8795208477309375e-05,2.925971269607544
