clf_name,drive,f_beta_score,time
KerasAlgorithm,ST250LT007.csv,0.002638522427440633,0.9979884624481201
