clf_name,drive,f_beta_score,time
KerasAlgorithm,ST4000DX002.csv,0.004115226337448559,1.0879871845245361
