clf_name,drive,f_beta_score,time
KerasAlgorithm,ST12000NM0007.csv,0.4988255773573073,30.696439743041992
