clf_name,drive,f_beta_score,time
KerasAlgorithm,ST4000DM005.csv,0.0007733952049497294,0.9919912815093994
