clf_name,drive,f_beta_score,time
KerasAlgorithm,ST6000DX000.csv,3.5926153799577276e-05,15.515303134918213
