clf_name,drive,f_beta_score,time
AdaBoostClassifier,ST31500541AS.csv,0.5191442879799044,178.10795664787292
