clf_name,drive,f_beta_score,time
AdaBoostClassifier,ST10000NM0086.csv,0.4999856015665496,54.063374757766724
