clf_name,drive,f_beta_score,time
AdaBoostClassifier,ST31500341AS.csv,0.5382789456435226,32.479116916656494
