clf_name,drive,f_beta_score,time
FakeAlgorithm,ST4000DX000.csv,0.4797062284044853,0.09300112724304199
