clf_name,drive,f_beta_score,time
FakeAlgorithm,ST3160316AS.csv,0.4822466321850032,0.014499187469482422
