clf_name,drive,f_beta_score,time
FakeAlgorithm,ST33000651AS.csv,0.4788699455085479,0.0794990062713623
