clf_name,drive,f_beta_score,time
FakeAlgorithm,ST4000DM000.csv,0.47927283202809273,2.886808395385742
