clf_name,drive,f_beta_score,time
FakeAlgorithm,ST320LT007.csv,0.4783643444396365,0.03600120544433594
