clf_name,drive,f_beta_score,time
FakeAlgorithm,ST6000DX000.csv,0.4793349201969706,0.3289964199066162
