clf_name,drive,f_beta_score,time
FakeAlgorithm,ST320005XXXX.csv,0.4755600814663951,0.12299680709838867
