clf_name,drive,f_beta_score,time
FakeAlgorithm,ST8000NM0055.csv,0.47905254962830707,0.8424932956695557
