clf_name,drive,f_beta_score,time
FakeAlgorithm,ST3000DM001.csv,0.48009451078775855,0.39449596405029297
