clf_name,drive,f_beta_score,time
FakeAlgorithm,ST31500541AS.csv,0.47938894015507305,0.40499424934387207
