clf_name,drive,f_beta_score,time
FakeAlgorithm,ST250LM004 HN.csv,0.47819433817903595,0.006000518798828125
