clf_name,drive,f_beta_score,time
FakeAlgorithm,ST12000NM0007.csv,0.47919078830601397,0.5354964733123779
