clf_name,drive,f_beta_score,time
FakeAlgorithm,ST4000DM005.csv,0.47607461476074614,0.00350189208984375
