clf_name,drive,f_beta_score,time
FakeAlgorithm,ST9250315AS.csv,0.480172679617638,0.04600071907043457
