clf_name,drive,f_beta_score,time
FakeAlgorithm,ST1500DL003.csv,0.4796828543111992,0.024499893188476562
