clf_name,drive,f_beta_score,time
FakeAlgorithm,ST3160318AS.csv,0.47924330005254867,0.005999088287353516
