clf_name,drive,f_beta_score,time
FakeAlgorithm,ST4000DM001.csv,0.4805480924234282,0.008499860763549805
