clf_name,drive,f_beta_score,time
FakeAlgorithm,ST32000542AS.csv,0.4797270699383283,0.051000118255615234
