clf_name,drive,f_beta_score,time
FakeAlgorithm,ST8000DM002.csv,0.4792129177833899,1.0814878940582275
