clf_name,drive,f_beta_score,time
FakeAlgorithm,HGST HDS5C4040ALE630.csv,0.4789801363771124,0.008501052856445312
