clf_name,drive,f_beta_score,time
FakeAlgorithm,ST250LT007.csv,0.47572815533980584,0.010499238967895508
