clf_name,drive,f_beta_score,time
FakeAlgorithm,HGST HUH728080ALE600.csv,0.4787559072425541,0.01850104331970215
