clf_name,drive,f_beta_score,time
FakeAlgorithm,Hitachi HDS723030ALA640.csv,0.47937032329899026,0.27249622344970703
