clf_name,drive,f_beta_score,time
FakeAlgorithm,ST9320325AS.csv,0.47837037037037033,0.027501583099365234
