clf_name,drive,f_beta_score,time
FakeAlgorithm,ST31500341AS.csv,0.4789817024183156,0.07249951362609863
