clf_name,drive,f_beta_score,time
FakeAlgorithm,ST10000NM0086.csv,0.47855791465209163,0.03599739074707031
