clf_name,drive,f_beta_score,time
FakeAlgorithm,ST2000DL003.csv,0.48695652173913045,0.009001016616821289
