clf_name,drive,f_beta_score,time
FakeAlgorithm,HGST HUS726040ALE610.csv,0.47995835502342526,0.01800060272216797
