clf_name,drive,f_beta_score,time
FakeAlgorithm,ST4000DX002.csv,0.4773218142548596,0.040999412536621094
