clf_name,drive,f_beta_score,time
FakeAlgorithm,ST2000DL001.csv,0.4825174825174825,0.003000497817993164
