clf_name,drive,f_beta_score,time
FakeAlgorithm,ST500LM012 HN.csv,0.47926815338408507,0.10799908638000488
