clf_name,drive,f_beta_score,time
FakeAlgorithm,Hitachi HDS723020BLA642.csv,0.48069804336329985,0.11549949645996094
