clf_name,drive,f_beta_score,time
GaussianNB,WDC WD1600AAJS.csv,0.49792328365502075,0.30649733543395996
