clf_name,drive,f_beta_score,time
GaussianNB,HGST HDS5C4040ALE630.csv,0.48223439985858224,0.34999823570251465
