clf_name,drive,f_beta_score,time
GaussianNB,ST4000DX002.csv,0.4979253112033195,0.1456756591796875
