clf_name,drive,f_beta_score,time
GaussianNB,ST6000DX000.csv,0.49631300130741435,8.69740104675293
