clf_name,drive,f_beta_score,time
GaussianNB,HGST HMS5C4040ALE640.csv,0.5047390154844698,15.159815073013306
