clf_name,drive,f_beta_score,time
GaussianNB,ST8000NM0055.csv,0.49902429138626736,16.45281171798706
