clf_name,drive,f_beta_score,time
LinearSVC,Hitachi HDS723030ALA640.csv,0.5029549348179637,193.29723238945007
