clf_name,drive,f_beta_score,time
LinearSVC,HGST HMS5C4040BLE640.csv,0.49999321890962534,3804.821099758148
