clf_name,drive,f_beta_score,time
LinearSVC,HGST HDS5C4040ALE630.csv,0.4994303292696821,3.839956283569336
