clf_name,drive,f_beta_score,time
LinearSVC,ST8000DM002.csv,0.49526714304315406,2089.0868425369263
