clf_name,drive,f_beta_score,time
LinearSVC,ST31500541AS.csv,0.4999117894292603,219.89147877693176
