clf_name,drive,f_beta_score,time
LinearSVC,ST4000DX002.csv,0.10198657208443362,0.12999916076660156
