clf_name,drive,f_beta_score,time
LinearSVC,ST3160316AS.csv,0.06606537305519744,0.7119812965393066
