clf_name,drive,f_beta_score,time
LinearSVC,ST2000DL003.csv,0.2531645569620253,0.12449908256530762
