clf_name,drive,f_beta_score,time
LinearSVC,ST320LT007.csv,0.22726567384484567,3.156963348388672
