clf_name,drive,f_beta_score,time
LinearSVC,ST4000DM000.csv,0.528401345362274,4780.032988071442
