clf_name,drive,f_beta_score,time
LinearSVC,HGST HMS5C4040ALE640.csv,0.5057839441033434,1481.9640016555786
