clf_name,drive,f_beta_score,time
LinearSVC,ST8000NM0055.csv,0.49995061625219134,953.9146659374237
