clf_name,drive,f_beta_score,time
MLPClassifier,ST33000651AS.csv,0.026702527563432877,8.56690263748169
