clf_name,drive,f_beta_score,time
MLPClassifier,ST3000DM001.csv,0.5151532755732382,178.1159017086029
