clf_name,drive,f_beta_score,time
NearestCentroid,HGST HUH728080ALE600.csv,0.40664564880148124,0.3944973945617676
