clf_name,drive,f_beta_score,time
NearestCentroid,ST10000NM0086.csv,0.42439210356201623,0.6924901008605957
