clf_name,drive,f_beta_score,time
NearestCentroid,ST3160316AS.csv,0.33465140478668054,0.27899789810180664
