clf_name,drive,f_beta_score,time
NearestCentroid,ST8000DM002.csv,0.4775628092679508,10.402378559112549
