clf_name,drive,f_beta_score,time
NearestCentroid,ST31500541AS.csv,0.3363675268866847,1.415984869003296
