clf_name,drive,f_beta_score,time
NearestCentroid,ST1500DL003.csv,0.24975160638009272,0.12399816513061523
