clf_name,drive,f_beta_score,time
NearestCentroid,ST9250315AS.csv,0.3231502140948494,0.27199387550354004
