clf_name,drive,f_beta_score,time
NearestCentroid,ST31500341AS.csv,0.33987048945965076,0.4114964008331299
