clf_name,drive,f_beta_score,time
NearestCentroid,ST4000DX000.csv,0.3371983358050225,0.3534994125366211
