clf_name,drive,f_beta_score,time
NearestCentroid,HGST HUS726040ALE610.csv,0.3727683106606274,0.16499829292297363
