clf_name,drive,f_beta_score,time
NearestCentroid,ST250LT007.csv,0.3471502590673575,0.13949799537658691
