clf_name,drive,f_beta_score,time
NearestCentroid,ST6000DX000.csv,0.3361832672946273,4.603944301605225
