clf_name,drive,f_beta_score,time
NearestCentroid,ST4000DM001.csv,0.2966238080327564,0.2964961528778076
