clf_name,drive,f_beta_score,time
NearestCentroid,ST32000542AS.csv,0.3342858111014856,0.22699761390686035
