clf_name,drive,f_beta_score,time
NearestCentroid,ST12000NM0007.csv,0.34195903489989005,6.426924228668213
