clf_name,drive,f_beta_score,time
NearestCentroid,ST320LT007.csv,0.34960426390266525,0.26349735260009766
