clf_name,drive,f_beta_score,time
NearestCentroid,ST3000DM001.csv,0.33338847538637467,2.408474922180176
