clf_name,drive,f_beta_score,time
NearestCentroid,ST8000NM0055.csv,0.4983278898446224,9.436891794204712
