clf_name,drive,f_beta_score,time
NearestCentroid,ST2000DL003.csv,0.4158415841584158,0.12249970436096191
