clf_name,drive,f_beta_score,time
NearestCentroid,ST9320325AS.csv,0.4109084825163125,0.23599696159362793
