clf_name,drive,f_beta_score,time
NearestCentroid,ST3160318AS.csv,0.3403414662394637,0.2259984016418457
