clf_name,drive,f_beta_score,time
NearestCentroid,HGST HDS5C4040ALE630.csv,0.014364310102922717,0.29649829864501953
