clf_name,drive,f_beta_score,time
SGDClassifier,ST3000DM001.csv,0.4997660452100596,92.41490840911865
