clf_name,drive,f_beta_score,time
SVC,ST1500DL003.csv,0.49920508744038156,109.71552610397339
