clf_name,drive,f_beta_score,time
LightGBMAlgorithm,ST31500541AS.csv,0.4999152492536746,1.0629878044128418
