clf_name,drive,f_beta_score,time
LightGBMAlgorithm,ST12000NM0007.csv,0.49997441636417067,5.277947425842285
